<?xml version="1.0" encoding="UTF-8"?>
<Package xmlns="http://soap.sforce.com/2006/04/metadata">
	<types>
        <members>Account_Process-24</members>
        <members>Asset_Process-1</members>
        <members>Case_Process-12</members>
        <members>Custom_Opportunity_Clone-13</members>
        <members>Lead_Process-12</members>
        <members>Opportunity_Process-13</members>
        <members>Sync_Split_Teams-18</members>
        <name>Flow</name>
    </types>
	<version>40.0</version>
</Package>
